-- Users
INSERT INTO users (id, username, email, password, first_name, last_name, flat_number, street_address, city, postal_code, country, preferred_language, avatar_url, is_email_verified, disabled, user_type) VALUES ('8cf28343-7b32-4365-8c04-305f342a2cee', 'john_doe', 'john.doe@example.com', '$2a$10$FZLU/ajV2PZmD9cXiZqNMuruo592lNW13uKcICG5oEBdnfYNbej1e', 'John', 'Doe', '123', '123 Main St', 'Anytown', '12345', 'USA', 'en', '', true, false, 'TENANT');
INSERT INTO users (id, username, email, password, first_name, last_name, flat_number, street_address, city, postal_code, country, preferred_language, avatar_url, is_email_verified, disabled, user_type) VALUES ('c4e8c95e-682b-440d-b6d5-6297f0d13633', 'jane_smith', 'jane.smith@example.com', '$2a$10$FZLU/ajV2PZmD9cXiZqNMuruo592lNW13uKcICG5oEBdnfYNbej1e', 'Jane', 'Smith', '456', '456 Elm St', 'Othertown', '67890', 'USA', 'en', '', true, false, 'OWNER');
INSERT INTO users (id, username, email, password, first_name, last_name, flat_number, street_address, city, postal_code, country, preferred_language, avatar_url, is_email_verified, disabled, user_type) VALUES ('c5c180f1-bd25-443e-8f8a-924ddf13f971', 'alice_jones', 'alice.jones@example.com', '$2a$10$FZLU/ajV2PZmD9cXiZqNMuruo592lNW13uKcICG5oEBdnfYNbej1e', 'Alice', 'Jones', '789', '789 Oak St', 'Somewhere', '54321', 'Canada', 'fr', '', false, true, 'LANDLORD');
INSERT INTO users (id, username, email, password, first_name, last_name, flat_number, street_address, city, postal_code, country, preferred_language, avatar_url, is_email_verified, disabled, user_type) VALUES ('593e726d-14b1-477e-967c-72bec8478a45', 'bob_brown', 'bob.brown@example.com', '$2a$10$FZLU/ajV2PZmD9cXiZqNMuruo592lNW13uKcICG5oEBdnfYNbej1e', 'Bob', 'Brown', '101', '101 Pine St', 'Nowhere', '98765', 'Mexico', 'es', '', true, false, 'TENANT');
INSERT INTO users (id, username, email, password, first_name, last_name, flat_number, street_address, city, postal_code, country, preferred_language, avatar_url, is_email_verified, disabled, user_type) VALUES ('331f5b7e-3acd-4e91-b64d-9fee522b5f31', 'emily_davis', 'emily.davis@example.com', '$2a$10$FZLU/ajV2PZmD9cXiZqNMuruo592lNW13uKcICG5oEBdnfYNbej1e', 'Emily', 'Davis', '202', '202 Cedar St', 'Anothertown', '24680', 'Germany', 'de', 'https://example.com/avatars/emily_davis.jpg', true, false, 'SYNDIC');
INSERT INTO users (id, username, email, password, first_name, last_name, flat_number, street_address, city, postal_code, country, preferred_language, avatar_url, is_email_verified, disabled, user_type) VALUES ('56f91978-04c8-4142-93e4-706c5d23dacf', 'michael_wilson', 'michael.wilson@example.com', '$2a$10$FZLU/ajV2PZmD9cXiZqNMuruo592lNW13uKcICG5oEBdnfYNbej1e', 'Michael', 'Wilson', '303', '303 Birch St', 'Somecity', '13579', 'Spain', 'es', '', true, false, 'CONTRACTOR');
INSERT INTO users (id, username, email, password, first_name, last_name, flat_number, street_address, city, postal_code, country, preferred_language, avatar_url, is_email_verified, disabled, user_type) VALUES ('d4562dfd-2d98-4db0-9937-33fccd90599a', 'olivia_martinez', 'olivia.martinez@example.com', '$2a$10$FZLU/ajV2PZmD9cXiZqNMuruo592lNW13uKcICG5oEBdnfYNbej1e', 'Olivia', 'Martinez', '404', '404 Maple St', 'Anothercity', '24680', 'France', 'fr', '', true, false, 'EXTERNAL');
INSERT INTO users (id, username, email, password, first_name, last_name, flat_number, street_address, city, postal_code, country, preferred_language, avatar_url, is_email_verified, disabled, user_type) VALUES ('a42d1145-cb3a-4088-a9f8-eba1310a9e80', 'david_lee', 'david.lee@example.com', '$2a$10$FZLU/ajV2PZmD9cXiZqNMuruo592lNW13uKcICG5oEBdnfYNbej1e', 'David', 'Lee', '505', '505 Oak St', 'Somewhere', '12345', 'China', 'zh', '', true, false, 'COMMERCIAL_PROPERTY_OWNER');
INSERT INTO users (id, username, email, password, first_name, last_name, flat_number, street_address, city, postal_code, country, preferred_language, avatar_url, is_email_verified, disabled, user_type) VALUES ('26be1301-4121-4497-80d1-e448fdef0532', 'sophia_garcia', 'sophia.garcia@example.com', '$2a$10$FZLU/ajV2PZmD9cXiZqNMuruo592lNW13uKcICG5oEBdnfYNbej1e', 'Sophia', 'Garcia', '606', '606 Pine St', 'Nowhere', '67890', 'Spain', 'es', '', true, false, 'GUEST');
INSERT INTO users (id, username, email, password, first_name, last_name, flat_number, street_address, city, postal_code, country, preferred_language, avatar_url, is_email_verified, disabled, user_type) VALUES ('f336a25e-7bed-4f44-a360-f758aecd7d09', 'charlie_rodriguez', 'charlie.rodriguez@example.com', '$2a$10$FZLU/ajV2PZmD9cXiZqNMuruo592lNW13uKcICG5oEBdnfYNbej1e', 'Charlie', 'Rodriguez', '707', '707 Cedar St', 'Anothertown', '54321', 'Mexico', 'es', '', true, false, 'TENANT');
INSERT INTO users (id, username, email, password, first_name, last_name, flat_number, street_address, city, postal_code, country, preferred_language, avatar_url, is_email_verified, disabled, user_type) VALUES ('f71c870e-9daa-4991-accd-61f3c3c14fa2', 'demo', 'me@example.com', '$2a$10$FZLU/ajV2PZmD9cXiZqNMuruo592lNW13uKcICG5oEBdnfYNbej1e', 'Me', 'Me', '808', '808 Birch St', 'Somewhere', '12345', 'USA', 'en', 'https://mdbcdn.b-cdn.net/img/new/avatars/2.webp', true, false, 'ADMIN');
INSERT INTO users (id, username, email, password, first_name, last_name, flat_number, street_address, city, postal_code, country, preferred_language, avatar_url, is_email_verified, disabled, user_type) VALUES ('1968032b-4a3f-4044-bbf3-947b0c96f7a0', 'ava_walker', 'ava.walker@example.com', '$2a$10$FZLU/ajV2PZmD9cXiZqNMuruo592lNW13uKcICG5oEBdnfYNbej1e', 'Ava', 'Walker', '909', '909 Cedar St', 'Anothertown', '67890', 'USA', 'en', '', true, false, 'OWNER');
INSERT INTO users (id, username, email, password, first_name, last_name, flat_number, street_address, city, postal_code, country, preferred_language, avatar_url, is_email_verified, disabled, user_type) VALUES ('ce5578e6-87cf-44a0-877e-87c264dd281c', 'noah_turner', 'noah.turner@example.com', '$2a$10$FZLU/ajV2PZmD9cXiZqNMuruo592lNW13uKcICG5oEBdnfYNbej1e', 'Noah', 'Turner', '1010', '1010 Pine St', 'Nowhere', '54321', 'USA', 'en', '', true, false, 'TENANT');
INSERT INTO users (id, username, email, password, first_name, last_name, flat_number, street_address, city, postal_code, country, preferred_language, avatar_url, is_email_verified, disabled, user_type) VALUES ('a668f324-debb-4cf0-a543-10a8ce7ed8e2', 'mia_hall', 'mia.hall@example.com', '$2a$10$FZLU/ajV2PZmD9cXiZqNMuruo592lNW13uKcICG5oEBdnfYNbej1e', 'Mia', 'Hall', '1111', '1111 Oak St', 'Somewhere', '12345', 'USA', 'en', '', true, false, 'LANDLORD');
INSERT INTO users (id, username, email, password, first_name, last_name, flat_number, street_address, city, postal_code, country, preferred_language, avatar_url, is_email_verified, disabled, user_type) VALUES ('ff25a41d-a417-416c-9feb-dd61a7fcb2d6', 'qcastel', 'quentincastel86@gmail.com', '$2a$10$FZLU/ajV2PZmD9cXiZqNMuruo592lNW13uKcICG5oEBdnfYNbej1e', 'Quentin', 'Castel', '', '119 route des oriolleres', 'Mignaloux-Beauvoir', '86550', 'France', 'en', '', true, false, 'ADMIN');
INSERT INTO users (id, username, email, password, first_name, last_name, flat_number, street_address, city, postal_code, country, preferred_language, avatar_url, is_email_verified, disabled, user_type) VALUES ('44816124-d6cf-4bb4-a011-4847722c9e60', 'afrancani', 'allan.francani@pm.me', '$2a$10$FZLU/ajV2PZmD9cXiZqNMuruo592lNW13uKcICG5oEBdnfYNbej1e', 'Allan', 'Francani', '', '', 'Haut-Savoie', '74100', 'France', 'en', '', true, false, 'ADMIN');

-- User Properties
INSERT INTO user_properties (user_id, property_type, name) VALUES ('8cf28343-7b32-4365-8c04-305f342a2cee', 'APARTMENT', 'Apartment 123');
INSERT INTO user_properties (user_id, property_type, name) VALUES ('c4e8c95e-682b-440d-b6d5-6297f0d13633', 'APARTMENT', 'Apartment 456');
INSERT INTO user_properties (user_id, property_type, name) VALUES ('c4e8c95e-682b-440d-b6d5-6297f0d13633', 'GARAGE', 'Garage A');
INSERT INTO user_properties (user_id, property_type, name) VALUES ('c5c180f1-bd25-443e-8f8a-924ddf13f971', 'APARTMENT', 'Apartment 789');
INSERT INTO user_properties (user_id, property_type, name) VALUES ('331f5b7e-3acd-4e91-b64d-9fee522b5f31', 'COMMERCIAL', 'Office Building');
INSERT INTO user_properties (user_id, property_type, name) VALUES ('a42d1145-cb3a-4088-a9f8-eba1310a9e80', 'COMMERCIAL', 'Shopping Mall Unit 505');
INSERT INTO user_properties (user_id, property_type, name) VALUES ('1968032b-4a3f-4044-bbf3-947b0c96f7a0', 'APARTMENT', 'Apartment 909');
INSERT INTO user_properties (user_id, property_type, name) VALUES ('1968032b-4a3f-4044-bbf3-947b0c96f7a0', 'PARKING', 'Parking Spot 12');
INSERT INTO user_properties (user_id, property_type, name) VALUES ('a668f324-debb-4cf0-a543-10a8ce7ed8e2', 'APARTMENT', 'Apartment 1111');

-- Applications
INSERT INTO applications (id, name, url, icon, help_text, disabled) VALUES ('550e8400-e29b-41d4-a716-446655440001', 'BookStack', 'https://books.example.com', '/assets/applications/bookstack.png', 'Access the community knowledge base and documentation', true);
INSERT INTO applications (id, name, url, icon, help_text, disabled) VALUES ('550e8400-e29b-41d4-a716-446655440002', 'Element Matrix', 'https://chat.example.com', '/assets/applications/element.png', 'Join community discussions and real-time chat', false);
INSERT INTO applications (id, name, url, icon, help_text, disabled) VALUES ('550e8400-e29b-41d4-a716-446655440003', 'Zammad Support', 'https://support.example.com', '/assets/applications/zammad.png', 'Get help with technical issues and submit tickets', true);
INSERT INTO applications (id, name, url, icon, help_text, disabled) VALUES ('550e8400-e29b-41d4-a716-446655440004', 'Community Space', 'https://space.example.com', '/assets/applications/space.png', 'Book shared spaces and view availability', true);

-- Community Information
INSERT INTO infos (id, next_ag_date, rules_url) VALUES ('00000000-0000-0000-0000-000000000001', '2024-03-15', 'https://community.example.com/rules');

-- Delegates
INSERT INTO delegates (id, info_id, building, first_name, last_name, email, matrix_user) VALUES ('550e8400-e29b-41d4-a716-446655440010', '00000000-0000-0000-0000-000000000001', 'Building A', 'John', 'Smith', 'john.smith@example.com', '@johnsmith:matrix.org');
INSERT INTO delegates (id, info_id, building, first_name, last_name, email, matrix_user) VALUES ('550e8400-e29b-41d4-a716-446655440011', '00000000-0000-0000-0000-000000000001', 'Building B', 'Marie', 'Dupont', 'marie.dupont@example.com', '@mariedupont:matrix.org');
INSERT INTO delegates (id, info_id, building, first_name, last_name, email, matrix_user) VALUES ('550e8400-e29b-41d4-a716-446655440012', '00000000-0000-0000-0000-000000000001', 'Building C', 'Carlos', 'Rodriguez', 'carlos.rodriguez@example.com', '@carlosr:matrix.org');

-- Contact Numbers
-- Syndic contact
INSERT INTO contact_numbers (id, info_id, contact_type, type, description, availability, response_time, name, phone_number, email, office_hours, address) VALUES ('550e8400-e29b-41d4-a716-446655440020', '00000000-0000-0000-0000-000000000001', 'syndic', 'Property Management', 'Main property management company', 'Business hours', '24-48 hours', 'NeoHoods Property Management', '+33 1 23 45 67 89', 'contact@neohoods-pm.com', 'Mon-Fri 9am-6pm', '123 Management Street, 75001 Paris');

-- Emergency contacts
INSERT INTO contact_numbers (id, info_id, contact_type, type, description, availability, response_time, name, phone_number, email, office_hours, address) VALUES ('550e8400-e29b-41d4-a716-446655440021', '00000000-0000-0000-0000-000000000001', 'emergency', 'Plumbing Emergency', 'Emergency plumbing repairs', '24/7', '30 minutes', 'FastFix Plumbing', '+33 6 12 34 56 78', 'emergency@fastfix.com', '24/7', 'Mobile service');
INSERT INTO contact_numbers (id, info_id, contact_type, type, description, availability, response_time, name, phone_number, email, office_hours, address) VALUES ('550e8400-e29b-41d4-a716-446655440022', '00000000-0000-0000-0000-000000000001', 'emergency', 'Electrical Emergency', 'Emergency electrical repairs', '24/7', '45 minutes', 'ElectroFix Emergency', '+33 6 98 76 54 32', 'help@electrofix.com', '24/7', 'Mobile service');
INSERT INTO contact_numbers (id, info_id, contact_type, type, description, availability, response_time, name, phone_number, email, office_hours, address) VALUES ('550e8400-e29b-41d4-a716-446655440023', '00000000-0000-0000-0000-000000000001', 'emergency', 'Security Emergency', 'Security and access issues', '24/7', '15 minutes', 'SecureAccess Security', '+33 6 11 22 33 44', 'security@secureaccess.com', '24/7', '456 Security Blvd, 75002 Paris');

-- Announcements
INSERT INTO announcements (id, title, content, created_at, updated_at, category) VALUES ('550e8400-e29b-41d4-a716-446655440030', 'Welcome to NeoHoods Community Portal', 'We are excited to announce the launch of our new community portal! This platform will help us stay connected and manage our community better. Please explore the features and let us know your feedback.', '2024-01-15 10:00:00+00', '2024-01-15 10:00:00+00', 'COMMUNITY_EVENT');
INSERT INTO announcements (id, title, content, created_at, updated_at, category) VALUES ('550e8400-e29b-41d4-a716-446655440031', 'Elevator Maintenance - Building A', 'The elevator in Building A will be under maintenance from January 20th to January 22nd. Please use the stairs during this period. We apologize for any inconvenience.', '2024-01-18 14:30:00+00', '2024-01-18 14:30:00+00', 'MAINTENANCE_NOTICE');
INSERT INTO announcements (id, title, content, created_at, updated_at, category) VALUES ('550e8400-e29b-41d4-a716-446655440032', 'Community BBQ This Saturday', 'Join us for a community BBQ this Saturday at 6 PM in the central courtyard! Meet your neighbors, enjoy great food, and have fun. Drinks and grilling supplies will be provided.', '2024-01-20 09:15:00+00', '2024-01-20 09:15:00+00', 'SOCIAL_GATHERING');
INSERT INTO announcements (id, title, content, created_at, updated_at, category) VALUES ('550e8400-e29b-41d4-a716-446655440033', 'Lost Cat - Fluffy (Orange Tabby)', 'Have you seen Fluffy? She is an orange tabby cat with white paws, went missing from Building B on January 19th. Very friendly and responds to her name. Please contact Marie at marie.dupont@example.com if found.', '2024-01-21 16:45:00+00', '2024-01-21 16:45:00+00', 'LOST_AND_FOUND');
INSERT INTO announcements (id, title, content, created_at, updated_at, category) VALUES ('550e8400-e29b-41d4-a716-446655440034', 'Security Reminder: Lock Your Doors', 'Please remember to always lock your doors and close windows when leaving your apartment. There have been reports of suspicious activity in the neighborhood. Report any unusual behavior to security immediately.', '2024-01-22 11:20:00+00', '2024-01-22 11:20:00+00', 'SAFETY_ALERT');

-- Custom Pages
INSERT INTO custom_pages (id, ref, page_order, position, title, content) VALUES ('550e8400-e29b-41d4-a716-446655440040', 'privacy-policy', 1, 'FOOTER_LINKS', 'Privacy Policy', '<p>This privacy policy explains how NeoHoods collects, uses, and protects your personal information when you use our community portal.</p><h2>Information We Collect</h2><p>We collect information you provide directly to us, such as when you create an account, update your profile, or contact us for support.</p><h2>How We Use Your Information</h2><p>We use the information we collect to provide, maintain, and improve our services, communicate with you, and ensure the security of our platform.</p>');

INSERT INTO custom_pages (id, ref, page_order, position, title, content) VALUES ('550e8400-e29b-41d4-a716-446655440041', 'terms-of-service', 2, 'FOOTER_LINKS', 'Terms of Service', '<p>Welcome to NeoHoods! These terms of service outline the rules and regulations for the use of our community portal.</p><h2>Acceptance of Terms</h2><p>By accessing and using this service, you accept and agree to be bound by the terms and provision of this agreement.</p><h2>Use License</h2><p>Permission is granted to temporarily access the materials on NeoHoods for personal, non-commercial transitory viewing only.</p>');

INSERT INTO custom_pages (id, ref, page_order, position, title, content) VALUES ('550e8400-e29b-41d4-a716-446655440042', 'community-rules', 3, 'FOOTER_LINKS', 'Community Rules', '<p>To maintain a harmonious living environment, all residents must follow these community guidelines.</p><h2>Noise Policy</h2><p>Quiet hours are from 10 PM to 8 AM. Please be considerate of your neighbors during these times.</p><h2>Common Areas</h2><p>Common areas are for the enjoyment of all residents. Please clean up after yourself and report any maintenance issues.</p>');

INSERT INTO custom_pages (id, ref, page_order, position, title, content) VALUES ('550e8400-e29b-41d4-a716-446655440043', 'copyright-notice', 1, 'COPYRIGHT', 'Copyright Notice', '<p>&copy; 2024 NeoHoods Community Portal. All rights reserved. This platform and its content are protected by copyright and other intellectual property laws.</p>');

INSERT INTO custom_pages (id, ref, page_order, position, title, content) VALUES ('550e8400-e29b-41d4-a716-446655440044', 'help-contact', 1, 'FOOTER_HELP', 'Need Help?', '<h2>Contact Support</h2><p>If you need assistance with the community portal, please don''t hesitate to reach out:</p><ul><li><strong>Email:</strong> support@neohoods.com</li><li><strong>Phone:</strong> +33 1 23 45 67 89</li><li><strong>Office Hours:</strong> Monday-Friday, 9 AM - 6 PM</li></ul><p>For urgent community matters, please contact your building manager or use the emergency contacts in the Info section.</p>');


-- Default Settings
INSERT INTO settings (id, is_registration_enabled, sso_enabled, sso_client_id, sso_client_secret, sso_token_endpoint, sso_authorization_endpoint, sso_scope) VALUES ('00000000-0000-0000-0000-000000000001', false, false, '', '', '', '', '');

INSERT INTO notification_settings (user_id, enable_notifications) VALUES ('8cf28343-7b32-4365-8c04-305f342a2cee', true);
INSERT INTO notification_settings (user_id, enable_notifications) VALUES ('c4e8c95e-682b-440d-b6d5-6297f0d13633', true);
INSERT INTO notification_settings (user_id, enable_notifications) VALUES ('c5c180f1-bd25-443e-8f8a-924ddf13f971', true);
INSERT INTO notification_settings (user_id, enable_notifications) VALUES ('593e726d-14b1-477e-967c-72bec8478a45', true);
INSERT INTO notification_settings (user_id, enable_notifications) VALUES ('331f5b7e-3acd-4e91-b64d-9fee522b5f31', true);
INSERT INTO notification_settings (user_id, enable_notifications) VALUES ('56f91978-04c8-4142-93e4-706c5d23dacf', true);
INSERT INTO notification_settings (user_id, enable_notifications) VALUES ('d4562dfd-2d98-4db0-9937-33fccd90599a', true);
INSERT INTO notification_settings (user_id, enable_notifications) VALUES ('a42d1145-cb3a-4088-a9f8-eba1310a9e80', true);
INSERT INTO notification_settings (user_id, enable_notifications) VALUES ('26be1301-4121-4497-80d1-e448fdef0532', true);
INSERT INTO notification_settings (user_id, enable_notifications) VALUES ('f336a25e-7bed-4f44-a360-f758aecd7d09', true);
INSERT INTO notification_settings (user_id, enable_notifications) VALUES ('f71c870e-9daa-4991-accd-61f3c3c14fa2', true);
INSERT INTO notification_settings (user_id, enable_notifications) VALUES ('1968032b-4a3f-4044-bbf3-947b0c96f7a0', true);
INSERT INTO notification_settings (user_id, enable_notifications) VALUES ('ce5578e6-87cf-44a0-877e-87c264dd281c', true);
INSERT INTO notification_settings (user_id, enable_notifications) VALUES ('a668f324-debb-4cf0-a543-10a8ce7ed8e2', true);
INSERT INTO notification_settings (user_id, enable_notifications) VALUES ('ff25a41d-a417-416c-9feb-dd61a7fcb2d6', true);
INSERT INTO notification_settings (user_id, enable_notifications) VALUES ('44816124-d6cf-4bb4-a011-4847722c9e60', true);

-- Notifications
INSERT INTO notifications (
                id, user_id, author, date, type, already_read, payload
            ) VALUES (
                '200103cd-f279-4503-af50-fcc6decd74f6', '8cf28343-7b32-4365-8c04-305f342a2cee', 'Platform', '2024-11-21T00:00:00Z',
                'ADMIN_NEW_USER', false, '{"userId": "999a870a-ae16-4d4a-9f17-516ca3b4d16d"}'
                
            );

-- Help Categories and Articles
INSERT INTO help_categories (id, name, icon, display_order) VALUES ('a970dc49-aca8-4508-8182-0bb3e3de8c1d', 'General', '@tui.globe', 1);
INSERT INTO help_categories (id, name, icon, display_order) VALUES ('fea9e75b-966f-4062-aa9c-5319fdb570bb', 'Account', 'user', 2);
INSERT INTO help_categories (id, name, icon, display_order) VALUES ('0e80b421-3e73-467e-b574-45e61dc15921', 'Billing', 'credit-card', 3);
INSERT INTO help_categories (id, name, icon, display_order) VALUES ('eb26aaae-3329-4df9-a8d8-9f1bbf23a1d5', 'Technical Support', 'settings', 4);
INSERT INTO help_categories (id, name, icon, display_order) VALUES ('1740c794-eedc-4396-9680-4bc9b85e6948', 'Privacy', 'lock', 5);
INSERT INTO help_categories (id, name, icon, display_order) VALUES ('c82996be-6da9-4187-8ab4-52c64f3a4200', 'Security', 'shield', 6);
INSERT INTO help_categories (id, name, icon, display_order) VALUES ('98961491-c269-495d-ab90-8e9fd3902271', 'Feedback', 'message-circle', 7);
INSERT INTO help_categories (id, name, icon, display_order) VALUES ('ec243d22-36b3-4a9e-b499-dd431b4e9ff3', 'Updates', 'bell-ring', 8);
INSERT INTO help_articles (id, title, content, display_order, category_id) VALUES ('f346a7fd-086c-4226-8f7b-6b80f93657cb', 'How to use the app', '<p><b>This article</b> provides a comprehensive guide on how to use the app effectively. It covers the basic functionalities, navigation tips, and advanced features. Users will learn how to customize their settings, manage notifications, and utilize the app''s tools to enhance productivity. Additionally, troubleshooting common issues and accessing support are discussed. By the end of this article, users should feel confident in navigating and utilizing the app to its fullest potential.</p>', 1, 'a970dc49-aca8-4508-8182-0bb3e3de8c1d');
INSERT INTO help_articles (id, title, content, display_order, category_id) VALUES ('1ec1014f-2f04-4ccf-94b6-dbdcccb5cf07', 'Creating an Account', 'Creating an account is the first step to accessing all the features of our service. This article walks you through the registration process, including filling out your personal information, verifying your email address, and setting up a secure password. We also provide tips on choosing a strong password and keeping your account information safe. Once registered, you''ll be able to personalize your profile and start using the app immediately.', 2, 'fea9e75b-966f-4062-aa9c-5319fdb570bb');
INSERT INTO help_articles (id, title, content, display_order, category_id) VALUES ('20bcbfb7-3501-4ba1-857c-ee96da866b76', 'Resetting Password', 'If you''ve forgotten your password or need to reset it for security reasons, this article will guide you through the process. We explain how to initiate a password reset from the login screen, receive a reset link via email, and create a new password. Additionally, we offer advice on creating a strong password and maintaining account security. Remember to update your password regularly to protect your account from unauthorized access.', 3, 'fea9e75b-966f-4062-aa9c-5319fdb570bb');
INSERT INTO help_articles (id, title, content, display_order, category_id) VALUES ('a305befe-ba64-4195-b953-08aa0f10ff7d', 'Understanding Your Bill', 'Billing can often be confusing, but this article aims to clarify the details of your bill. We break down each section of your bill, explaining charges, fees, and any applicable taxes. You''ll learn how to read your billing statement, understand your payment options, and manage your billing preferences. We also provide information on how to dispute charges and contact customer support for billing inquiries.', 4, '0e80b421-3e73-467e-b574-45e61dc15921');
INSERT INTO help_articles (id, title, content, display_order, category_id) VALUES ('41d46d5c-89e9-409a-8109-72e713d527f9', 'Troubleshooting Login Issues', 'Experiencing login issues can be frustrating, but this article offers solutions to common problems. We cover scenarios such as forgotten passwords, account lockouts, and two-factor authentication errors. Step-by-step instructions are provided to help you regain access to your account. Additionally, we discuss how to update your login credentials and ensure your account remains secure.', 5, 'eb26aaae-3329-4df9-a8d8-9f1bbf23a1d5');
INSERT INTO help_articles (id, title, content, display_order, category_id) VALUES ('23848756-188a-489e-98fd-afd7a9780935', 'Privacy Settings Overview', 'Your privacy is important to us, and this article explains how to manage your privacy settings. We guide you through the process of adjusting who can see your information, how to control data sharing, and setting up privacy alerts. Learn how to review your privacy settings regularly and make informed decisions about your data. We also provide tips on protecting your personal information online.', 6, '1740c794-eedc-4396-9680-4bc9b85e6948');
INSERT INTO help_articles (id, title, content, display_order, category_id) VALUES ('c3f455e6-fee0-4f5b-8e07-442ab503d30a', 'Enhancing Account Security', 'Security is a top priority, and this article provides tips on enhancing your account security. We discuss the importance of using strong, unique passwords, enabling two-factor authentication, and recognizing phishing attempts. Learn how to monitor your account for suspicious activity and what steps to take if you suspect a security breach. Keeping your account secure is a shared responsibility, and we provide the tools to help you do so.', 7, 'c82996be-6da9-4187-8ab4-52c64f3a4200');
INSERT INTO help_articles (id, title, content, display_order, category_id) VALUES ('dede4596-466e-46cd-b79f-72733eb2a34a', 'Providing Feedback', 'We value your feedback and encourage you to share your thoughts on our services. This article explains how to submit feedback, whether it''s a suggestion, compliment, or complaint. We outline the different channels available for providing feedback and how we use your input to improve our offerings. Your feedback is crucial in helping us deliver the best possible experience.', 8, '98961491-c269-495d-ab90-8e9fd3902271');
INSERT INTO help_articles (id, title, content, display_order, category_id) VALUES ('2bcc98b6-f2dd-4994-a58a-d693decb65ba', 'Latest App Updates', 'Stay informed about the latest updates to our app with this article. We provide details on new features, improvements, and bug fixes. Learn how to update your app to the latest version and take advantage of the enhancements. We also discuss upcoming features and how you can participate in beta testing. Keeping your app updated ensures you have the best experience possible.', 9, 'ec243d22-36b3-4a9e-b499-dd431b4e9ff3');
INSERT INTO help_articles (id, title, content, display_order, category_id) VALUES ('b41a3896-b18b-436d-a465-47202f0f2320', 'General Tips for New Users', 'Welcome to our app! This article is designed to help new users get started. We cover the basics of setting up your profile, exploring the main features, and customizing your experience. You''ll also find tips on how to connect with other users and make the most of the hub features. Whether you''re here for personal use or professional networking, these tips will help you get the most out of your experience.', 10, 'a970dc49-aca8-4508-8182-0bb3e3de8c1d');
INSERT INTO help_articles (id, title, content, display_order, category_id) VALUES ('71dacb28-aa81-4330-8467-98e2c81819a7', 'Managing Your Account Settings', 'Your account settings are crucial for personalizing your experience. This article guides you through the various settings available, including notification preferences, privacy controls, and account security options. Learn how to update your profile information, link social media accounts, and manage your subscription settings. Keeping your account settings up-to-date ensures a seamless and secure experience.', 11, 'fea9e75b-966f-4062-aa9c-5319fdb570bb');
INSERT INTO help_articles (id, title, content, display_order, category_id) VALUES ('29c17896-20cf-4be7-9aff-ec5da5a39b59', 'Understanding Subscription Plans', 'Choosing the right subscription plan is important for accessing the features you need. This article explains the different plans available, including their benefits, costs, and limitations. We also provide guidance on how to upgrade or downgrade your plan, manage your billing cycle, and take advantage of promotional offers. Understanding your subscription options helps you make informed decisions about your service.', 12, '0e80b421-3e73-467e-b574-45e61dc15921');
INSERT INTO help_articles (id, title, content, display_order, category_id) VALUES ('0b7c6a75-30b5-4820-a293-7608484d653c', 'Resolving Technical Issues', 'Technical issues can disrupt your experience, but this article offers solutions to common problems. We cover topics such as app crashes, connectivity issues, and performance slowdowns. Step-by-step troubleshooting guides are provided to help you resolve these issues quickly. Additionally, we discuss how to report bugs and contact technical support for further assistance.', 13, 'eb26aaae-3329-4df9-a8d8-9f1bbf23a1d5');
INSERT INTO help_articles (id, title, content, display_order, category_id) VALUES ('4bbc45cf-52eb-4abc-91dc-3823acf50c5b', 'Data Privacy and Protection', 'Protecting your data is a top priority, and this article explains how we safeguard your information. We discuss our data privacy policies, how we collect and use your data, and the measures we take to protect it. Learn about your rights regarding data access and deletion, and how to manage your data preferences. Understanding our commitment to data privacy helps you feel secure in using our services.', 14, '1740c794-eedc-4396-9680-4bc9b85e6948');
INSERT INTO help_articles (id, title, content, display_order, category_id) VALUES ('4166c3d1-0d8c-4ae4-821b-69b95e8d39b4', 'Recognizing and Avoiding Scams', 'Online scams are a growing concern, and this article provides tips on recognizing and avoiding them. We discuss common scam tactics, such as phishing emails and fraudulent websites, and how to protect yourself from falling victim. Learn how to verify the authenticity of communications, report suspicious activity, and keep your personal information safe. Staying informed about scams helps you navigate the online world safely.', 15, 'c82996be-6da9-4187-8ab4-52c64f3a4200');
INSERT INTO help_articles (id, title, content, display_order, category_id) VALUES ('98e90402-7fad-4447-99ec-6369254d779f', 'How to Submit a Feature Request', 'We welcome your ideas for new features and improvements. This article explains how to submit a feature request, including the information we need to evaluate your suggestion. We outline the process for reviewing and implementing new features, and how you can track the progress of your request. Your input is valuable in shaping the future of our app, and we encourage you to share your ideas.', 16, '98961491-c269-495d-ab90-8e9fd3902271');
INSERT INTO help_articles (id, title, content, display_order, category_id) VALUES ('383385ca-030e-420c-9bdd-06e0f1699e18', 'Participating in Beta Testing', 'Join our beta testing program to get early access to new features and provide feedback. This article explains how to sign up for beta testing, what to expect during the testing phase, and how to provide feedback on your experience. Participating in beta testing gives you a chance to influence the development of our app and help us deliver the best possible experience to all users.', 17, 'ec243d22-36b3-4a9e-b499-dd431b4e9ff3');
INSERT INTO help_articles (id, title, content, display_order, category_id) VALUES ('733909ec-f891-41b4-9959-f6b3465f7726', 'Navigating the App Interface', 'This article provides tips on navigating the app interface efficiently. Learn about the layout, key features, and shortcuts to enhance your user experience.', 18, 'a970dc49-aca8-4508-8182-0bb3e3de8c1d');
INSERT INTO help_articles (id, title, content, display_order, category_id) VALUES ('a69c284f-75c2-4cd8-9d84-1e4b8979ac1d', 'Customizing Your Dashboard', 'Discover how to customize your dashboard to suit your preferences. This article covers widget management, layout adjustments, and personalization options.', 19, 'a970dc49-aca8-4508-8182-0bb3e3de8c1d');
INSERT INTO help_articles (id, title, content, display_order, category_id) VALUES ('b000bee8-fe07-4275-9811-50bf61050113', 'Advanced Account Settings', 'Explore advanced settings to optimize your account. This article guides you through security enhancements, privacy controls, and notification preferences.', 20, 'fea9e75b-966f-4062-aa9c-5319fdb570bb');
INSERT INTO help_articles (id, title, content, display_order, category_id) VALUES ('265ef7c2-e058-4d1e-8772-5b73617e312a', 'Managing Multiple Accounts', 'Learn how to manage multiple accounts efficiently. This article provides strategies for switching between accounts and keeping your information organized.', 21, 'fea9e75b-966f-4062-aa9c-5319fdb570bb');
INSERT INTO help_articles (id, title, content, display_order, category_id) VALUES ('c2cf881e-b09c-4505-ac4f-55858427da8c', 'Understanding Billing Cycles', 'Gain insights into how billing cycles work. This article explains billing periods, due dates, and how to avoid late fees.', 22, '0e80b421-3e73-467e-b574-45e61dc15921');
INSERT INTO help_articles (id, title, content, display_order, category_id) VALUES ('3e986043-04d2-4254-9ad3-1f8cac5bd211', 'Setting Up Auto-Pay', 'Automate your payments with ease. This article walks you through setting up auto-pay and managing your payment methods.', 23, '0e80b421-3e73-467e-b574-45e61dc15921');
INSERT INTO help_articles (id, title, content, display_order, category_id) VALUES ('d43d2a41-cd4c-4899-9882-e5890d8b4d2f', 'Technical Support FAQs', 'Find answers to common technical questions. This article compiles frequently asked questions and solutions for quick troubleshooting.', 24, 'eb26aaae-3329-4df9-a8d8-9f1bbf23a1d5');
INSERT INTO help_articles (id, title, content, display_order, category_id) VALUES ('963f4ecf-e42e-410a-b5e0-e49c24780243', 'Optimizing App Performance', 'Enhance your app''s performance with these tips. This article covers memory management, app updates, and device compatibility.', 25, 'eb26aaae-3329-4df9-a8d8-9f1bbf23a1d5');
INSERT INTO help_articles (id, title, content, display_order, category_id) VALUES ('c0ca4f4e-2c2b-45a6-836f-c5f076692e93', 'Privacy Policy Overview', 'Understand our privacy policy in detail. This article explains how we handle your data and your rights as a user.', 26, '1740c794-eedc-4396-9680-4bc9b85e6948');
INSERT INTO help_articles (id, title, content, display_order, category_id) VALUES ('9373d0d3-11df-44ad-975f-9241278cde38', 'Data Encryption Explained', 'Learn about data encryption and its importance. This article discusses encryption methods and how they protect your information.', 27, '1740c794-eedc-4396-9680-4bc9b85e6948');
INSERT INTO help_articles (id, title, content, display_order, category_id) VALUES ('6c0c7f6a-fe69-4b85-895f-db3da9a1c74c', 'Security Best Practices', 'Adopt best practices for securing your account. This article provides guidelines on password management, two-factor authentication, and more.', 28, 'c82996be-6da9-4187-8ab4-52c64f3a4200');
INSERT INTO help_articles (id, title, content, display_order, category_id) VALUES ('b776a8ec-f70c-49e5-99d9-6ac1c7b091e2', 'Identifying Phishing Attempts', 'Stay safe from phishing scams. This article teaches you how to recognize phishing attempts and protect your personal information.', 29, 'c82996be-6da9-4187-8ab4-52c64f3a4200');
INSERT INTO help_articles (id, title, content, display_order, category_id) VALUES ('5b8b4b41-5ba5-42fa-b03d-1676d9b36820', 'Effective Feedback Techniques', 'Learn how to provide constructive feedback. This article offers tips on articulating your thoughts and ensuring your feedback is impactful.', 30, '98961491-c269-495d-ab90-8e9fd3902271');
INSERT INTO help_articles (id, title, content, display_order, category_id) VALUES ('93ca3aa6-84b7-4da9-b0ae-250fbc762304', 'Feedback and Improvement Cycle', 'Understand how your feedback contributes to improvements. This article explains the feedback loop and how we implement changes based on user input.', 31, '98961491-c269-495d-ab90-8e9fd3902271');
INSERT INTO help_articles (id, title, content, display_order, category_id) VALUES ('ae8a4e5e-8e8c-4730-8c20-e50f02aecc0a', 'Upcoming Features Preview', 'Get a sneak peek at upcoming features. This article highlights new developments and how they will enhance your app experience.', 32, 'ec243d22-36b3-4a9e-b499-dd431b4e9ff3');
INSERT INTO help_articles (id, title, content, display_order, category_id) VALUES ('0f1df218-1fc0-4060-9dc7-79f028dbb0cd', 'Participating in User Surveys', 'Contribute to our app''s development by participating in surveys. This article explains how your input shapes future updates.', 33, 'ec243d22-36b3-4a9e-b499-dd431b4e9ff3');


